INSERT INTO blog(blog_id, blog_name) VALUES (0, 'My road')
INSERT INTO blog(blog_id, blog_name) VALUES (1, 'My work')
INSERT INTO blog(blog_id, blog_name) VALUES (2, 'My dairy')
INSERT INTO blog(blog_id, blog_name) VALUES (3, 'My archery')
INSERT INTO blog(blog_id, blog_name) VALUES (4, 'My dance')
INSERT INTO blog(blog_id, blog_name) VALUES (5, 'My car')
INSERT INTO blog(blog_id, blog_name) VALUES (6, 'My car')

insert into category(id, category_name) VALUES (1, 'Car')
insert into category(id, category_name) VALUES (2, 'Laptop')
insert into category(id, category_name) VALUES (3, 'Cigarettes')
insert into category(id, category_name) VALUES (4, 'Books')

insert into manufacturer(id, manufacturer_name) VALUES (1, 'Apple')
insert into manufacturer(id, manufacturer_name) VALUES (2, 'Dell')
insert into manufacturer(id, manufacturer_name) VALUES (3, 'Volkswagen')
insert into manufacturer(id, manufacturer_name) VALUES (4, 'Mercedes')
insert into manufacturer(id, manufacturer_name) VALUES (5, 'Parliament')

insert into sub_category(id, sub_category_name, category_id) VALUES (1, 'cabriolet', 1)
insert into sub_category(id, sub_category_name, category_id) VALUES (2, 'sedan', 1)
insert into sub_category(id, sub_category_name, category_id) VALUES (4, 'notebook', 2)
insert into sub_category(id, sub_category_name, category_id) VALUES (5, 'Macbook', 2)
insert into sub_category(id, sub_category_name, category_id) VALUES (6, 'Light', 3)
insert into sub_category(id, sub_category_name, category_id) VALUES (7, 'Hard', 3)

INSERT INTO product(id, is_trashed, product_name, category_id, manufacturer_id, sub_category_id) VALUES (1, FALSE, 'mac 2017', 2, 1, 5)
INSERT INTO product(id, is_trashed, product_name, category_id, manufacturer_id, sub_category_id) VALUES (2, TRUE, 'mac 2015', 2, 1, 5)
INSERT INTO product(id, is_trashed, product_name, category_id, manufacturer_id, sub_category_id) VALUES (3, FALSE, 'Dell latitude es470', 2, 2, 4)
INSERT INTO product(id, is_trashed, product_name, category_id, manufacturer_id, sub_category_id) VALUES (4, FALSE, 'Dell latitude es480', 2, 2, 4)

INSERT INTO product(id, is_trashed, product_name, category_id, manufacturer_id, sub_category_id) VALUES (5, FALSE, 'Volkswagen Gold', 1, 3, 2)
INSERT INTO product(id, is_trashed, product_name, category_id, manufacturer_id, sub_category_id) VALUES (6, FALSE, 'Volkswagen Passat', 1, 3, 2)
INSERT INTO product(id, is_trashed, product_name, category_id, manufacturer_id, sub_category_id) VALUES (7, FALSE, 'Mercedes C-class', 1, 4, 2)
INSERT INTO product(id, is_trashed, product_name, category_id, manufacturer_id, sub_category_id) VALUES (8, FALSE, 'Mercedes E-class', 1, 4, 2)
INSERT INTO product(id, is_trashed, product_name, category_id, manufacturer_id, sub_category_id) VALUES (9, FALSE, 'Mercedes S-class', 1, 4, 1)

INSERT INTO product(id, is_trashed, product_name, category_id, manufacturer_id, sub_category_id) VALUES (10, FALSE, 'Parliament silver', 3, 5, 6)
INSERT INTO product(id, is_trashed, product_name, category_id, manufacturer_id, sub_category_id) VALUES (11, FALSE, 'Parliament aqua', 3, 5, 7)